{"cameraMode":{"drawMode":0,"name":"Shaded","section":"Shading Mode"},"sceneLighting":true,"audioPlay":false,"sceneViewState":{"showFog":true,"showMaterialUpdate":false,"showSkybox":true,"showFlares":true,"showImageEffects":true,"showParticleSystems":true},"in2DMode":false,"pivot":{"x":0.9443158507347107,"y":4.0845255851745609,"z":21.160316467285158},"rotation":{"x":-0.23875319957733155,"y":0.129757821559906,"z":-0.03220941126346588,"w":-0.9618335962295532},"size":15.687618255615235,"orthographic":false}